{
  "prepare_queue": {
    "installed": [],
    "uninstalled": []
  },
  "config_munge": {
    "files": {}
  },
  "installed_plugins": {
    "cordova-plugin-geolocation": {
      "GPS_REQUIRED": "true",
      "PACKAGE_NAME": "io.cordova.hellocordova"
    },
    "cordova-plugin-android-permissions": {
      "PACKAGE_NAME": "io.cordova.hellocordova"
    }
  },
  "dependent_plugins": {},
  "modules": [
    {
      "file": "plugins/cordova-plugin-android-permissions/www/permissions-dummy.js",
      "id": "cordova-plugin-android-permissions.Permissions",
      "pluginId": "cordova-plugin-android-permissions",
      "clobbers": [
        "cordova.plugins.permissions"
      ]
    }
  ],
  "plugin_metadata": {
    "cordova-plugin-geolocation": "5.0.0",
    "cordova-plugin-android-permissions": "1.1.5"
  }
}
